algorithm,mean_std_distance,mean_std_time_ms,n_instances
ACO,35.321195374295556,464.6323719807411,10.0
HC,57.009825692961506,334.8716970674596,10.0
SA,54.07744947532524,167.39176285448,10.0
